id,full_sentence,sentence,words,suffixes,missing_words,morphemes
bilkent-turkish-writings-1701,Durum sandığım kadar kötü olmasa da en azından son dönemde belirli bir hedefimin olmamasının bu duruma sebep olduğunu anlamış oldum,Durum sandığım kadar kötü olmasa da en azından son dönemde belirli bir hedefimin ___ bu duruma sebep olduğunu anlamış oldum,['ol'],"['nin', 'nün', 'm', 'm', 'si', 'me', 'ın', 'ma', 'ma', 'nn', 'sı', 'nun', 's', 'me', 'ün', 'n', 'su', 'in', 'un', 'sü', 'nın']",['olmamasının'],"[['ol', 'mA', 'mA', 'sH', 'NHn']]"
bilkent-turkish-writings-1239,"Bir süre ayrı kalan çift, acıya artık dayanamaz ve her şeyi yok sayarak bir araya gelir","Bir süre ayrı kalan çift, acıya artık ___ ve her şeyi yok sayarak bir araya gelir",['dayan'],"['m', 'me', '', 'e', 'ma', 'ya', 'y', 'ye', 'z', 'a']",['dayanamaz'],"[['dayan', 'YA', 'mA', 'z']]"
bilkent-turkish-writings-6740,"Yazıyı bir şeylere alet etmenin ötesinde, onu değiştirdik, yeri geldi hakaret ettik","Yazıyı bir ___ alet etmenin ötesinde, onu değiştirdik, yeri geldi hakaret ettik",['şey'],"['e', 'lr', 'lar', '', 'ler', 'ye', 'y', 'a', 'ya']",['şeylere'],"[['şey', 'lAr', 'YA']]"
bilkent-turkish-writings-6389,"Eğer o insanlar sisteme karşı isyan etmeyip o akıntıya bıraksalardı kendilerini, günümüzdeki imkanlarımız daha kısıtlı olacaktı","Eğer o insanlar sisteme karşı isyan etmeyip o akıntıya ___ kendilerini, günümüzdeki imkanlarımız daha kısıtlı olacaktı",['bırak'],"['ydu', 'tu', 'tı', 'tü', 't', 'ydı', 'ytu', 'dü', 'lar', 'ler', 'ytü', 'yti', 'lr', 'ydi', 'yd', 'ydü', 'ti', 'yt', 'ytı', 'd', 'du', 'se', 'dı', 'sa', 's', 'di']",['bıraksalardı'],"[['bırak', 'sA', 'lAr', 'YDH']]"
bilkent-turkish-writings-368,"Anlatmaya nereden başlayacağını bilmemek, neler düşündüğünü açıklayamamak","Anlatmaya nereden başlayacağını bilmemek, neler düşündüğünü ___",['açık'],"['y', 'mk', 'me', 'a', 'le', 'mek', 'ma', 'la', 'ye', 'e', 'mak', 'l', 'ya', '', 'm']",['açıklayamamak'],"[['açık', 'lA', 'YA', 'mA', 'mAk']]"
bilkent-turkish-writings-398,Bizi meraklandıran bir şey kalmamıştır artık hayatımızda,Bizi ___ bir şey kalmamıştır artık hayatımızda,['merak'],"['lan', '', 'dür', 'ln', 'ya', 'tır', 'tür', 'dur', 'y', 'dir', 'ye', 'tur', 'tir', 'n', 'e', 'tr', 'dr', 'a', 'dır', 'len']",['meraklandıran'],"[['merak', 'lAn', 'DHr', 'YA', 'n']]"
bilkent-turkish-writings-4599,Çoğumuz kelimelere kendi hayatımızı yansıttığımızın farkında bile olmayız,Çoğumuz kelimelere kendi hayatımızı ___ farkında bile olmayız,['yansı'],"['tük', 'ümuz', 'dk', 'mz', 'ımz', 'mız', 'tk', 'umuz', 'nün', 'ımız', 'umiz', 'dık', 'nın', 'ümüz', 'dik', 'nn', 'imiz', 'imız', 'ımiz', 'n', 'imuz', 'müz', 'umız', 'ımuz', 'tık', 'nin', 'ümz', 'ümiz', 'ımüz', 'un', 'tik', 'dük', 'imz', 'in', 'ümız', 'imüz', 'nun', 'umüz', 'miz', 't', 'ın', 'ün', 'tuk', 'duk', 'umz', 'muz']",['yansıttığımızın'],"[['yansı', 't', 'DHk', 'HmHz', 'NHn']]"
bilkent-turkish-writings-5084,Çözülmesi güç problemler çoğu kez öğretmenimize sormayı ve cevabını öğrenmeyi gerektirir,___ güç problemler çoğu kez öğretmenimize sormayı ve cevabını öğrenmeyi gerektirir,['çöz'],"['l', 'me', 'sü', 'si', 'ıl', 'sı', 'il', 'ul', 'm', 'ma', 'ül', 's', 'su']",['Çözülmesi'],"[['çöz', 'Hl', 'mA', 'sH']]"
bilkent-turkish-writings-3754,İnsanlar bu düşünce yapısına hayatları boyunca öylesine maruz kalıyorlar ki artık böylesi yaklaşımlar kemikleşiyor,İnsanlar bu düşünce ___ hayatları boyunca öylesine maruz kalıyorlar ki artık böylesi yaklaşımlar kemikleşiyor,['yapı'],"['e', 'y', 'sin', 'sn', 'ya', 'sun', 'ye', 'sın', '', 'a', 'sün']",['yapısına'],"[['yapı', 'sHn', 'YA']]"
bilkent-turkish-writings-5268,"Peki, ne kazanmak, neyi kazanmak… Büyüklerimiz tarafından beynimize kazınan; Gelecekte iyi bir meslek sahibi olup, rahat bir yaşam sürdürebilmek adına, çalışmak, çok çalışmak, daha çok çalışmak zorunda kaldığımız sınavları kazanmak","Peki, ne kazanmak, neyi kazanmak… Büyüklerimiz tarafından ___ kazınan; Gelecekte iyi bir meslek sahibi olup, rahat bir yaşam sürdürebilmek adına, çalışmak, çok çalışmak, daha çok çalışmak zorunda kaldığımız sınavları kazanmak",['beyin'],"['y', 'e', 'ya', 'uz', 'üz', 'um', 'ye', 'yz', 'im', 'iz', 'yüz', 'üm', 'a', 'ım', 'yuz', 'z', 'ız', 'yız', 'm', '', 'yiz']",['beynimize'],"[['beyin', 'Hm', 'YHz', 'YA']]"
bilkent-turkish-writings-1707,"Her şeyi hızlıca tüketiyor, ne anı yaşayabiliyor ne de çevremizdeki güzelliklerin farkına varabiliyoruz","Her şeyi hızlıca tüketiyor, ne anı yaşayabiliyor ne de ___ güzelliklerin farkına varabiliyoruz",['çevre'],"['nt', 'nd', 'muz', 'ımz', 'ümuz', 'umz', 'umız', 'müz', 'd', 'ki', 'mz', 'umüz', 'nde', 'nda', 'miz', 'umuz', 'ımüz', 'da', 'ımiz', 'ümız', 't', 'imz', 'imiz', 'te', 'ümiz', 'ümz', 'mız', 'de', 'ımuz', 'imız', 'ümüz', 'imuz', 'nta', 'imüz', 'ta', 'ımız', 'umiz', 'nte']",['çevremizdeki'],"[['çevre', 'HmHz', 'NDA', 'ki']]"
bilkent-turkish-writings-5882,Ünlü bilim kurgu yazarı Richard Matheson'ın kaleme aldığı I Am Legend kitabından uyarlanan film sizi en son sahnesiyle hayal kırıklığına uğratabilir,Ünlü bilim kurgu yazarı Richard Matheson'ın kaleme aldığı I Am Legend kitabından ___ film sizi en son sahnesiyle hayal kırıklığına uğratabilir,['uyarla'],"['ün', 'n', 'un', 'ye', 'e', '', 'n', 'ya', 'ın', 'in', 'y', 'a']",['uyarlanan'],"[['uyarla', 'Hn', 'YA', 'n']]"
bilkent-turkish-writings-6000,Bu sayede aile yapısı korunmuş olur,Bu ___ aile yapısı korunmuş olur,['saye'],"['ta', 't', 'te', 'de', 'da', 'd']",['sayede'],"[['saye', 'DA']]"
bilkent-turkish-writings-6161,"Oraları terk etmeye karar verdim, bacağımın aksamasına bakmadan, ne kadar gidebileceğimi düşünmeden..","Oraları terk etmeye karar verdim, bacağımın aksamasına bakmadan, ne kadar ___ düşünmeden..",['git'],"['ycek', 'ı', 'ü', 'um', 'yabil', 'ybil', 'cak', 'yacak', 'yebil', 'n', 'eck', 'üm', 'cek', 'ecak', 'ebil', 'ni', 'yack', 'nu', 'yck', 'ack', 'acek', 'acak', 'yacek', 'm', 'nü', 'bil', 'yecak', 'yeck', 'ım', 'yecek', 'im', '', 'abil', 'ecek', 'nı', 'ycak', 'i', 'u', 'ck']",['gidebileceğimi'],"[['git', 'YAbil', 'YAcAk', 'Hm', 'NH']]"
bilkent-turkish-writings-96,"Konuşulan herkes, her konu, her duygu insanın çevresiyle ortak olarak inşâ ettiği bu yapıya eklenen bir tuğladır","Konuşulan herkes, her konu, her duygu insanın çevresiyle ortak olarak inşâ ettiği bu yapıya ___ bir tuğladır",['ek'],"['e', 'n', 'lan', 'a', 'y', '', 'ln', 'ya', 'ye', 'len']",['eklenen'],"[['ek', 'lAn', 'YA', 'n']]"
bilkent-turkish-writings-3516,Biliyor ki ne kadar çok uzaklaşırsa uzaklaşsın mesafeler onu Ulaş’a o kadar çok yakınlaştırıyor,Biliyor ki ne kadar çok ___ uzaklaşsın mesafeler onu Ulaş’a o kadar çok yakınlaştırıyor,['uzak'],"['yse', 'ur', 'lş', 'ır', 'sa', 'r', 'ir', 'ysa', 'se', 'ys', 's', 'leş', 'laş', 'ür']",['uzaklaşırsa'],"[['uzak', 'lAş', 'Hr', 'YsA']]"
bilkent-turkish-writings-996,"Hiçbir genç kıza eğitim hayatlarını ileri safhalara hayattan tek beklentisi ilerletmek ve iş hayatında yer almak, kariyer yapmak gibi bir şans verilmiyor ve kadının toplumdaki rolü kısaca “evinin kadını olmak” sözüyle tanımlanıyor","Hiçbir genç kıza eğitim ___ ileri safhalara hayattan tek beklentisi ilerletmek ve iş hayatında yer almak, kariyer yapmak gibi bir şans verilmiyor ve kadının toplumdaki rolü kısaca “evinin kadını olmak” sözüyle tanımlanıyor",['hayat'],"['ler', 'lr', '', 'su', 'u', 'ü', 'i', 'lar', 's', '', 'ı', 'nu', 'nı', 'ni', 'nü', 'i', 'ı', 'ü', 'sü', 'n', 'si', 'u', 'sı']",['hayatlarını'],"[['hayat', 'lAr', 'SH', 'NH']]"
bilkent-turkish-writings-2572,"Fikrimce güven, bu konudaki anahtar kavramdır","___ güven, bu konudaki anahtar kavramdır",['fikri'],"['ç', 'nçe', 'nce', 'm', 'ca', 'nç', 'c', 'nça', 'üm', 'ım', 'nc', 'nca', 'ça', 'ce', 'im', 'çe', 'um']",['Fikrimce'],"[['fikri', 'Hm', 'NCA']]"
bilkent-turkish-writings-3491,"Tabii, edebiyatta ve bilim kurgu filmlerinde henüz sıklıkla karşılaşmadık böyle bir zaman tanımıyla","Tabii, edebiyatta ve bilim kurgu filmlerinde henüz sıklıkla ___ böyle bir zaman tanımıyla",['karşıla'],"['dı', 'ti', 'üş', 'dü', 't', 'ma', 'tü', 'd', 'ş', 'iş', 'uş', 'm', 'tu', 'du', 'tı', 'di', 'k', 'me', 'ış']",['karşılaşmadık'],"[['karşıla', 'Hş', 'mA', 'DH', 'k']]"
bilkent-turkish-writings-2945,Bu doğruları başka bir deyişle toplumun yazılı olmayan kurallarını böylece bencil şekilde yıkan birine sadece sinirlenebiliyorum,Bu doğruları başka bir deyişle toplumun yazılı olmayan kurallarını böylece bencil şekilde yıkan birine sadece ___,['sinir'],"['yabil', 'yebil', 'yüm', 'üyor', 'üm', 'm', 'ebil', 'uyor', 'lan', 'ybil', 'ln', 'um', 'len', 'yim', 'iyor', 'yor', 'yum', 'abil', 'bil', 'ym', 'yım', 'ım', 'im', 'ıyor']",['sinirlenebiliyorum'],"[['sinir', 'lAn', 'YAbil', 'Hyor', 'YHm']]"
bilkent-turkish-writings-1465,Otele gidene kadar aklımda o mahkûmlar vardı o güzel manzarayı son kez görecek olmak kim bilir nasıl hüzünlendirmişti onları,Otele gidene kadar aklımda o mahkûmlar vardı o güzel manzarayı son kez görecek olmak kim bilir nasıl ___ onları,['hüzün'],"['ytü', 'dür', 'mış', 'ydi', 'muş', 'ti', 'ytu', 'yti', 'yd', 'tr', 'ytı', 'miş', 'tü', 'tur', 'd', 'ydı', 'tür', 'yt', 't', 'dü', 'lan', 'dr', 'dir', 'dır', 'tı', 'ydü', 'tir', 'mş', 'tu', 'tır', 'di', 'müş', 'len', 'ln', 'ydu', 'dı', 'du', 'dur']",['hüzünlendirmişti'],"[['hüzün', 'lAn', 'DHr', 'mHş', 'YDH']]"
bilkent-turkish-writings-6614,"Ve bir kez kendi içindeki insanı anlamış olan bütün insanları anlar.” (Olağanüstü Bir Gece , Stefan Zweig) Bu cümleyi kimse sadece okuyup geçemez , illa ki duraksayıp düşünür.Bu kitap uzun bir öykü çok akıcı bir dili var ancak cümlelerde kendinizi , hayatınızı buluyorsunuz ve düşünmeden , kendi yaşadıklarınızı hatırlamadan duramıyorsunuz.Baron’un hissizliği bile bize hissettiriliyor.O içine düştüğü buhran ve Zweig’in yaptığı psikolojik analizler yüzünden kendimizi bir anda Baron’un yerinde buluyoruz.Bu nedenle bence bu kitap bir roman kadar etkili , çok akıcı ve açık ama aynı zamanda çok derin.Bu kitabı ve Stefan Zweig’in diğer eserlerini kesinlikle okumanızı tavsiye ediyorum","Ve bir kez kendi içindeki insanı anlamış olan bütün insanları anlar.” (Olağanüstü Bir Gece , Stefan Zweig) Bu cümleyi kimse sadece okuyup geçemez , illa ki duraksayıp düşünür.Bu kitap uzun bir öykü çok akıcı bir dili var ancak cümlelerde kendinizi , hayatınızı buluyorsunuz ve düşünmeden , kendi ___ hatırlamadan duramıyorsunuz.Baron’un hissizliği bile bize hissettiriliyor.O içine düştüğü buhran ve Zweig’in yaptığı psikolojik analizler yüzünden kendimizi bir anda Baron’un yerinde buluyoruz.Bu nedenle bence bu kitap bir roman kadar etkili , çok akıcı ve açık ama aynı zamanda çok derin.Bu kitabı ve Stefan Zweig’in diğer eserlerini kesinlikle okumanızı tavsiye ediyorum",['yaşa'],"['nız', 'inüz', 'unız', 'dük', 'dk', 'nz', 'inız', 'nı', 'unuz', 'dik', 'u', 'uniz', 'ı', 'unüz', 'nu', 'nü', 'nüz', 'üniz', '', 'ünüz', 'duk', 'ünız', 'ınüz', 'ınuz', 'n', 'ınz', 'tuk', 'lar', 'unz', 'tük', 'inuz', 'ni', 'dık', 'ınız', 'iniz', 'tk', 'ünz', 'nuz', 'inz', 'lr', 'ler', 'ünuz', 'ıniz', 'niz', 'tik', 'tık', 'ü', 'i']",['yaşadıklarınızı'],"[['yaşa', 'DHk', 'lAr', 'HnHz', 'NH']]"
bilkent-turkish-writings-624,"O zamana dek pek bilgimiz olmasa da, küçük yaşlarda farkına vardık birçok şeyi ablamla","O zamana dek pek ___ olmasa da, küçük yaşlarda farkına vardık birçok şeyi ablamla",['bilgi'],"['m', 'yz', 'z', 'üz', 'im', 'yız', 'yiz', 'um', 'iz', 'ım', 'uz', 'üm', 'yüz', 'ız', 'yuz']",['bilgimiz'],"[['bilgi', 'Hm', 'YHz']]"
bilkent-turkish-writings-6444,Bu içindeki yaraları sarma şekli olabilir,Bu ___ yaraları sarma şekli olabilir,['için'],"['de', 'd', 't', 'ta', 'da', 'te', 'ki']",['içindeki'],"[['için', 'DA', 'ki']]"
bilkent-turkish-writings-1179,Başında beklerdin aynı hizaya gelmesini görmek için,Başında beklerdin aynı hizaya ___ görmek için,['gel'],"['u', 'i', 'in', 'ni', 'nu', 'ma', 'su', 'n', 'nı', 'ı', 'sı', 'ın', 'me', 'ün', 'sü', 'n', 'ü', 'si', 'nü', '', 'm', 's', 'un']",['gelmesini'],"[['gel', 'mA', 'sH', 'Hn', 'NH']]"
bilkent-turkish-writings-912,"Hepimiz deliliğimizi saklamaya çalıştığımız bir oyun oynuyoruz, yaşamak için normlar ve kurallar koyarak benliğimizden uzaklaşıyoruz; ciddi hayatlara ciddi suratlar dikiyoruz her gece, güzel bir senaryo, beğenip hemen oynamaya başlıyoruz","Hepimiz ___ saklamaya çalıştığımız bir oyun oynuyoruz, yaşamak için normlar ve kurallar koyarak benliğimizden uzaklaşıyoruz; ciddi hayatlara ciddi suratlar dikiyoruz her gece, güzel bir senaryo, beğenip hemen oynamaya başlıyoruz",['deli'],"['ümz', 'ımuz', 'umız', 'umuz', 'i', 'lk', 'umüz', 'mız', 'nü', 'imuz', 'umiz', 'muz', 'ümuz', 'ımz', 'imz', 'ımiz', '', 'imüz', 'imız', 'u', 'lık', 'ümız', 'n', 'müz', 'miz', 'imiz', 'ımız', 'ümüz', 'mz', 'nu', 'lik', 'ü', 'ı', 'nı', 'ımüz', 'ni', 'lük', 'umz', 'luk', 'ümiz']",['deliliğimizi'],"[['deli', 'lHk', 'HmHz', 'NH']]"
bilkent-turkish-writings-2616,Benim için dünya çoğu zaman siyah ve beyazdan oluşur,Benim için dünya çoğu zaman siyah ve ___ oluşur,['beyaz'],"['dan', 'den', 'tn', 'ten', 'dn', 'tan']",['beyazdan'],"[['beyaz', 'DAn']]"
bilkent-turkish-writings-1661,"Diğer ülkelerde halk demokratik sistem gelsin diye devrimler yaparken, can ve malını tehlikeye atarken, bizim ülkemizde savaşlar kazanmış bir başkomutan kendi saltanatını kurmak yerine demokratik sistemle yönetilecek bir devlet kuruyor","Diğer ___ halk demokratik sistem gelsin diye devrimler yaparken, can ve malını tehlikeye atarken, bizim ülkemizde savaşlar kazanmış bir başkomutan kendi saltanatını kurmak yerine demokratik sistemle yönetilecek bir devlet kuruyor",['ülke'],"['de', 'ta', 'ler', 't', 'lr', 'da', 'te', 'd', 'lar']",['ülkelerde'],"[['ülke', 'lAr', 'DA']]"
bilkent-turkish-writings-5283,Daha önce de karşılaşmış olmama rağmen pek irdelemediğim bu fikir Stefan Zweig’ın Alacakaranlıkta Bir Öykü adlı öyküsünü okuduktan sonra yeniden zihnimde belirdi,Daha önce de karşılaşmış olmama rağmen pek ___ bu fikir Stefan Zweig’ın Alacakaranlıkta Bir Öykü adlı öyküsünü okuduktan sonra yeniden zihnimde belirdi,['irdele'],"['ım', 'tik', 'dük', 'tık', 'dk', 'um', 'tk', 'm', 'im', 'tuk', 'üm', 'dık', 'dik', 'm', 'duk', 'ma', 'me', 'tük']",['irdelemediğim'],"[['irdele', 'mA', 'DHk', 'Hm']]"
bilkent-turkish-writings-2662,Yanlış anlaşılmasın sigaraya ve alkole verilen para tamamen kesilip kitaba yatırılmalı demek değil amacım,Yanlış ___ sigaraya ve alkole verilen para tamamen kesilip kitaba yatırılmalı demek değil amacım,['anla'],"['ül', 'sün', 'me', 'iş', 'sun', 'uş', 'l', 'sın', 'ma', 'il', 'm', 'sin', 'ış', 'ul', 'ş', 'ıl', 'sn', 'üş']",['anlaşılmasın'],"[['anla', 'Hş', 'Hl', 'mA', 'sHn']]"
bilkent-turkish-writings-3963,2015 yılının başıydı ve üniversite hazırlıktaydım,2015 yılının başıydı ve üniversite ___,['hazır'],"['ta', 'yd', 't', 'du', 'yti', 'ydü', 'lık', 'ydi', 'luk', 'ti', 'de', 'm', 'tü', 'di', 'd', 'te', 'ytı', 'lük', 'ydu', 'dü', 'ytu', 'dı', 't', 'd', 'da', 'yt', 'lk', 'lik', 'ytü', 'tu', 'tı', 'ydı']",['hazırlıktaydım'],"[['hazır', 'lHk', 'DA', 'YDH', 'm']]"
bilkent-turkish-writings-6344,Ya da ortaokulda oynamanın hayalini kurduğunuz oyunlara layık süper bir bilgisayar,Ya da ortaokulda ___ hayalini kurduğunuz oyunlara layık süper bir bilgisayar,['oyna'],"['nun', 'ın', 'n', 'nın', 'm', 'nün', 'in', 'nn', 'me', 'un', 'ma', 'nin', 'ün']",['oynamanın'],"[['oyna', 'mA', 'NHn']]"
bilkent-turkish-writings-4486,Bu karmaşalar yüzünden çoğumuz yanlış beslenme alışkanlarına sahibiz,Bu karmaşalar yüzünden çoğumuz yanlış beslenme ___ sahibiz,['alışkan'],"['ya', 'ın', 'ün', 'nin', 'un', 'lar', 'e', 'a', 'nn', 'nun', 'ler', 'n', 'ye', 'nün', 'lr', 'nın', '', 'in', 'y']",['alışkanlarına'],"[['alışkan', 'lAr', 'NHn', 'YA']]"
bilkent-turkish-writings-1806,"Önceden akıl, mantık, olasılık yöntemleriyle hareket eden kitap kahramanı ruhla, inançla ya da başka bir deyişle olasılıksızlıkla tanışmaktadır ve hayatına giren bu yeni kavramlar eskilerinin yerine almaya çalışmamış, onlarla bütünleşerek David Caine’e yardımcı olmuştur","Önceden akıl, mantık, olasılık yöntemleriyle hareket eden kitap kahramanı ruhla, inançla ya da başka bir deyişle ___ tanışmaktadır ve hayatına giren bu yeni kavramlar eskilerinin yerine almaya çalışmamış, onlarla bütünleşerek David Caine’e yardımcı olmuştur",['olası'],"['yl', 'lik', 'la', 'lik', 'l', 'le', 'lık', 'lük', 'sız', 'luk', 'lk', 'lk', 'siz', 'luk', 'süz', 'lük', 'yla', 'suz', 'sz', 'yle', 'lık']",['olasılıksızlıkla'],"[['olası', 'lHk', 'sHz', 'lHk', 'YlA']]"
bilkent-turkish-writings-1317,"Umudunun, hüznünün ve tecrübelerinin asıl kaynağı yalnızlığıdır","Umudunun, hüznünün ve ___ asıl kaynağı yalnızlığıdır",['tecrübe'],"['n', 'sı', 'ler', '', 'sü', 'nin', 'un', 'i', 'ü', 'nün', 'nun', 'u', 'su', 'in', 'nn', 'ın', 'lr', 'ün', 'nın', 'lar', 'ı', 's', 'si']",['tecrübelerinin'],"[['tecrübe', 'lAr', 'SH', 'NHn']]"
bilkent-turkish-writings-505,Onda da sohbet etmekten çok boş boş ekrana bakıyoruz ve birbirimizin derdinden çok ekrandakinin derdine yoğunlaşıyoruz beraber,Onda da sohbet etmekten çok boş boş ekrana bakıyoruz ve birbirimizin derdinden çok ___ derdine yoğunlaşıyoruz beraber,['ekran'],"['ki', 'nun', 'ın', 'ta', 'n', 'da', 'nün', 'nin', 'un', 'te', 'd', 'de', 'nn', 't', 'nın', 'in', 'ün']",['ekrandakinin'],"[['ekran', 'DA', 'ki', 'NHn']]"
bilkent-turkish-writings-1986,"Ne bileyim, parfüm kokusundan başka bir kokunun peşine düşmek gibi mesela","Ne bileyim, parfüm ___ başka bir kokunun peşine düşmek gibi mesela",['koku'],"['nten', 'dn', 'su', 'ntn', 'den', 'tn', 'si', 'sü', 'ı', 'tan', 'ntan', 'ndan', 'i', 'sı', 'nden', 's', 'dan', '', 'u', 'ten', 'ndn', 'ü']",['kokusundan'],"[['koku', 'SH', 'NDAn']]"
bilkent-turkish-writings-2544,"Suçların cezaya dönüşmesi durumları ne kadar kanunlara bağlı olsa da, kararın sonucunun hâkimin ya da savcının inisiyatifinde olduğunu, biraz da sanığın avukatının becerisine bağlanabileceğini düşünüyorum","Suçların cezaya dönüşmesi durumları ne kadar kanunlara bağlı olsa da, kararın sonucunun hâkimin ya da savcının inisiyatifinde olduğunu, biraz da sanığın avukatının becerisine ___ düşünüyorum",['bağ'],"['yacek', 'eck', 's', 'yeck', 'u', 'acak', 'sü', 'su', 'ı', 'yecek', 'acek', 'i', 'yecak', 'ybil', 'ecak', 'ecek', 'sı', 'n', 'ni', 'cak', 'yack', 'nü', 'ebil', '', 'ycak', '', 'nu', 'yabil', 'ycek', 'i', 'ack', 'ı', 'cek', 'yebil', 'ln', 'lan', 'yck', 'u', 'si', 'bil', 'abil', 'yacak', 'ck', 'nı', 'len', 'ü', 'ü']",['bağlanabileceğini'],"[['bağ', 'lAn', 'YAbil', 'YAcAk', 'SH', 'NH']]"
bilkent-turkish-writings-3365,"Lakin belli sınırları olmalı insanın, İnsan olanın","Lakin belli ___ olmalı insanın, İnsan olanın",['sınır'],"['ü', 'y', '', 'ler', 'yu', 'yi', 'yı', 'yü', 'ı', 'u', 'lr', 'i', 'lar']",['sınırları'],"[['sınır', 'lAr', 'YH']]"
bilkent-turkish-writings-2780,Yazımın başından beri ana karaktere hep hasta çocuk dedim,Yazımın ___ beri ana karaktere hep hasta çocuk dedim,['baş'],"['sı', 'su', 'dn', 'sü', 'ntn', 's', 'ten', 'ndn', 'dan', 'tn', 'nden', 'tan', 'i', 'ı', 'den', 'u', 'ntan', '', 'nten', 'si', 'ndan', 'ü']",['başından'],"[['baş', 'SH', 'NDAn']]"
bilkent-turkish-writings-899,Ve işyerinde öğle aralarında gittiği kafede kitabı yazmaya başlamıştır,Ve işyerinde öğle ___ gittiği kafede kitabı yazmaya başlamıştır,['ara'],"['su', 'te', 'de', 'sü', 's', 'nte', 'ta', 'lar', 'ü', 'ler', '', 'd', 'da', 'nt', 'i', 'nd', 'lr', 'u', 'si', 'sı', 'nta', 'nde', 't', 'nda', 'ı']",['aralarında'],"[['ara', 'lAr', 'SH', 'NDA']]"
bilkent-turkish-writings-2829,"Buna verebileceğimiz birçok örnek var ama ben sadece bir tanesinden bahsetmek istiyorum, herkesin hiç şüphesiz bilip tanıdığı Albert Einstein çok zor bir çocukluk geçirmiştir","Buna ___ birçok örnek var ama ben sadece bir tanesinden bahsetmek istiyorum, herkesin hiç şüphesiz bilip tanıdığı Albert Einstein çok zor bir çocukluk geçirmiştir",['ver'],"['muz', 'yck', 'umız', 'ecek', 'yeck', 'ecak', 'ümuz', 'ümüz', 'ımuz', 'ımiz', 'ybil', 'eck', 'imüz', 'umiz', 'müz', 'cek', 'cak', 'yecek', 'ebil', 'yack', 'umz', 'bil', 'ımız', 'ımüz', 'yebil', 'umüz', 'ycak', 'ack', 'ümz', 'imiz', 'abil', 'imz', 'yacak', 'mız', 'ümız', 'mz', 'yecak', 'umuz', 'acek', 'yabil', 'ck', 'ümiz', 'imuz', 'yacek', 'miz', 'acak', 'imız', 'ycek', 'ımz']",['verebileceğimiz'],"[['ver', 'YAbil', 'YAcAk', 'HmHz']]"
bilkent-turkish-writings-5939,Aksi halde aile olmanın ne önemi var,Aksi halde aile ___ ne önemi var,['ol'],"['ün', 'n', 'ın', 'nün', 'nun', 'nın', 'm', 'in', 'nn', 'nin', 'ma', 'un', 'me']",['olmanın'],"[['ol', 'mA', 'NHn']]"
bilkent-turkish-writings-5303,Her şeyi nasıl da didik didik ederek sorguladığımız zamanları hatırlıyor musunuz,Her şeyi nasıl da didik didik ___ sorguladığımız zamanları hatırlıyor musunuz,['et'],"['ar', '', 'ye', 'er', 'k', 'ya', 'a', 'y', 'r', 'e']",['ederek'],"[['et', 'Ar', 'YA', 'k']]"
bilkent-turkish-writings-2755,"İstanbul gibi işte, kalabalıklar içinde yapayalnız, umutsuz ve sisli kalıyor tüm kelimelerim","İstanbul gibi işte, kalabalıklar içinde yapayalnız, umutsuz ve sisli kalıyor tüm ___",['kelime'],"['ler', 'yım', 'im', 'yim', 'ym', 'lr', 'm', 'üm', 'yüm', 'lar', 'ım', 'um', 'yum']",['kelimelerim'],"[['kelime', 'lAr', 'YHm']]"
bilkent-turkish-writings-1917,Kitabın ilk sayfasını açtığımız zaman karşımıza sakin bir kumsal betimlemesi çıkıyor,Kitabın ilk sayfasını açtığımız zaman ___ sakin bir kumsal betimlemesi çıkıyor,['karşı'],"['ız', 'ım', 'iz', 'uz', 'y', 'üz', 'yiz', 'yız', 'im', 'ye', 'e', 'yüz', 'z', 'a', 'yz', 'um', 'üm', 'm', 'yuz', '', 'ya']",['karşımıza'],"[['karşı', 'Hm', 'YHz', 'YA']]"
bilkent-turkish-writings-708,Will Lou’yla geçirdiği bunca zamana rağmen ötanazi yaptırmak istediğinde Lou’nun onu sevdiğine ve hiç yalnız bırakmayacağına inanmadığını ya da Lou’yu yeterince sevmediğini düşündüm çünkü benim gözümde gerçekten seven bir insan artık hayatından mutsuz olmaz ve hayattan farklı beklentileri de olmaz,Will Lou’yla geçirdiği bunca zamana rağmen ötanazi yaptırmak istediğinde Lou’nun onu sevdiğine ve hiç yalnız ___ inanmadığını ya da Lou’yu yeterince sevmediğini düşündüm çünkü benim gözümde gerçekten seven bir insan artık hayatından mutsuz olmaz ve hayattan farklı beklentileri de olmaz,['bırak'],"['yecek', 'a', 'yecak', 'eck', 'ecak', 'su', 'yeck', 'yacak', 'cek', 'me', 'e', 'n', 'cak', '', 'ck', '', 'i', 'sü', 'ycek', 'yck', 'yacek', 'acek', 'ma', 'acak', 'na', 'm', 'ü', 'sı', 'ı', 'ecek', 'si', 'yack', 'ne', 'u', 'ycak', 's', 'ack']",['bırakmayacağına'],"[['bırak', 'mA', 'YAcAk', 'SH', 'NA']]"
bilkent-turkish-writings-4179,Yaşadığım şehirden kaçmak istedim çünkü istediğim şeyin aslında çok uzaklarda olduğunu düşündüm,Yaşadığım şehirden kaçmak istedim çünkü istediğim şeyin aslında çok uzaklarda ___ düşündüm,['ol'],"['si', 'n', 'dik', 'ı', 'tuk', 's', 'nü', 'ı', 'ü', 'duk', 'ni', 'tk', 'dük', '', 'tük', 'u', 'nu', 'nı', '', 'u', 'dk', 'tık', 'tik', 'ü', 'sı', 'i', 'sü', 'dık', 'su', 'i']",['olduğunu'],"[['ol', 'DHk', 'SH', 'NH']]"
bilkent-turkish-writings-5971,"Bu katkıların başında da bilmediğimiz veya uzak olduğumuz kültürleri öğrenmek, bu kültürleri yaşamak var diyebiliriz","Bu katkıların başında da ___ veya uzak olduğumuz kültürleri öğrenmek, bu kültürleri yaşamak var diyebiliriz",['bil'],"['umuz', 'dik', 'ımiz', 'imız', 'ımz', 'm', 'imz', 'ümiz', 'muz', 'ümüz', 'ımız', 'dk', 'tuk', 'umiz', 'ımüz', 'dük', 'miz', 'mız', 'mz', 'tik', 'ımuz', 'imüz', 'ma', 'umız', 'müz', 'duk', 'dık', 'umz', 'tık', 'ümuz', 'tük', 'imiz', 'ümz', 'ümız', 'tk', 'umüz', 'imuz', 'me']",['bilmediğimiz'],"[['bil', 'mA', 'DHk', 'HmHz']]"
bilkent-turkish-writings-3552,"Savaşın gölgesinde geçen bu ﬁlm, Enigma’yı ekip arkadaşları ile bir olup çözebilmiş matematik dehası Alan Mathison Turing’in yaşamını konu alıyor","Savaşın ___ geçen bu ﬁlm, Enigma’yı ekip arkadaşları ile bir olup çözebilmiş matematik dehası Alan Mathison Turing’in yaşamını konu alıyor",['gölge'],"['t', 'si', 'nda', 'sı', 'u', 's', 'nte', 'te', 'su', 'de', 'nta', 'i', 'da', 'd', 'ta', 'nt', 'sü', 'ı', 'nde', '', 'nd', 'ü']",['gölgesinde'],"[['gölge', 'SH', 'NDA']]"
bilkent-turkish-writings-4528,İçine girdiğim bu dünyalar sayesinde öğrendim ​​ ​​ ​​ ​​ ​​ ​​ ​​ ​​ ​​bir çok şeyi,İçine ___ bu dünyalar sayesinde öğrendim ​​ ​​ ​​ ​​ ​​ ​​ ​​ ​​ ​​bir çok şeyi,['gir'],"['dık', 'tük', 'dük', 'üm', 'tk', 'dk', 'm', 'tık', 'um', 'dik', 'im', 'ım', 'duk', 'tuk', 'tik']",['girdiğim'],"[['gir', 'DHk', 'Hm']]"
bilkent-turkish-writings-715,Bizleri bu dünyada diğer varlıklardan ayıran aklın temel çalışma prensibini de duyularını istediği gibi yönlendirmesine bağlıyorum,Bizleri bu dünyada diğer varlıklardan ayıran aklın temel çalışma prensibini de duyularını istediği gibi ___ bağlıyorum,['yön'],"['in', '', 'dir', 'n', 'ın', 'un', 'a', 's', 'e', 'dür', 'me', 'sı', 'sü', 'ye', 'dur', 'dr', 'm', 'su', 'tur', 'ün', 'lan', 'tir', 'ma', 'len', 'tr', 'ya', 'y', 'dır', 'tır', 'tür', 'ln', 'si']",['yönlendirmesine'],"[['yön', 'lAn', 'DHr', 'mA', 'sH', 'Hn', 'YA']]"
bilkent-turkish-writings-4681,Her satırını okuyuşumda daha çok ortak noktamızı buluyordum,Her satırını ___ daha çok ortak noktamızı buluyordum,['oku'],"['nde', 'yüş', 'm', 't', 'yuş', 'yış', 'nda', 'ş', 'd', 'te', 'yiş', 'üş', 'ım', 'im', 'da', 'de', 'ta', 'yş', 'nte', 'nta', 'üm', 'um', 'ış', 'nt', 'uş', 'nd', 'iş']",['okuyuşumda'],"[['oku', 'YHş', 'Hm', 'NDA']]"
bilkent-turkish-writings-4340,Kafamdaki bu soruları dile getirdiğim yazıyı bir temenniyle tamamlamak istiyorum,___ bu soruları dile getirdiğim yazıyı bir temenniyle tamamlamak istiyorum,['kafa'],"['üm', 'ki', 'ta', 'nte', 'da', 'm', 'um', 'nta', 'nda', 'de', 'nt', 't', 'd', 'ım', 'im', 'nd', 'te', 'nde']",['Kafamdaki'],"[['kafa', 'Hm', 'NDA', 'ki']]"
bilkent-turkish-writings-6786,"Kendimi hatırladığımdan beri içinde olduğum ama buraya bir şekilde konulduğumu bildiğim, kafes misali bir yere ev diyebilir miydim","Kendimi hatırladığımdan beri içinde olduğum ama buraya bir şekilde ___ bildiğim, kafes misali bir yere ev diyebilir miydim",['kon'],"['ı', 'um', 'u', '', 'nü', 'üm', 'tik', 'i', 'dk', 'dık', 'dik', 'm', 'nı', 'im', 'dük', 'ul', 'tk', 'tük', 'ni', 'tık', 'n', 'duk', 'ım', 'ıl', 'tuk', 'nu', 'l', 'il', 'ül', 'ü']",['konulduğumu'],"[['kon', 'Hl', 'DHk', 'Hm', 'NH']]"
bilkent-turkish-writings-2348,"Yaptığımız seçimleri ve sonuçlarını düşününce her şey Aristo mantığı kadar basit görünür başta, seçimler yaparsınız sonuçlarına katlanırsınız","Yaptığımız seçimleri ve ___ düşününce her şey Aristo mantığı kadar basit görünür başta, seçimler yaparsınız sonuçlarına katlanırsınız",['sonuç'],"['si', 's', 'lr', 'i', 'u', '', 'ü', 'n', 'sı', 'ı', 'u', 'su', 'nı', 'ler', 'lar', 'sü', 'i', 'nu', 'ü', 'ı', 'nü', 'ni', '']",['sonuçlarını'],"[['sonuç', 'lAr', 'SH', 'NH']]"
bilkent-turkish-writings-5318,Yastığa kafanızı koyduğunuz zaman aklınızdaki her türlü dert veya sıkıntıyı unutturacak birine âşık olmanız lazım,Yastığa kafanızı koyduğunuz zaman ___ her türlü dert veya sıkıntıyı unutturacak birine âşık olmanız lazım,['akıl'],"['nüz', 'ınüz', 'ünüz', 'unuz', 'ınız', 'inız', 'inüz', 'ünuz', 'nd', 'da', 'uniz', 'inuz', 'ki', 'nuz', 't', 'ınz', 'üniz', 'te', 'ünız', 'unız', 'ta', 'nte', 'unüz', 'de', 'nta', 'inz', 'nda', 'ıniz', 'nt', 'nz', 'ünz', 'unz', 'ınuz', 'iniz', 'nız', 'nde', 'd', 'niz']",['aklınızdaki'],"[['akıl', 'HnHz', 'NDA', 'ki']]"
bilkent-turkish-writings-190,Bu tecrübeleri edinmeye çok küçük yaştan başlarlar,Bu tecrübeleri ___ çok küçük yaştan başlarlar,['et'],"['in', 'e', 'n', '', 'a', 'un', 'y', 'ün', 'm', 'me', 'ya', 'ye', 'ma', 'ın']",['edinmeye'],"[['et', 'Hn', 'mA', 'YA']]"
bilkent-turkish-writings-1714,Keskin göz gerekir olayların döngüsünü görmek için,Keskin göz gerekir ___ döngüsünü görmek için,['olay'],"['lar', 'nün', 'ler', 'lr', 'nın', 'nn', 'ün', 'ın', 'nun', 'n', 'in', 'un', 'nin']",['olayların'],"[['olay', 'lAr', 'NHn']]"
bilkent-turkish-writings-1237,Filmlerdeki siyasi bir gösterinin içinden ya da kaos anlarını yansıtmak amacıyla seyirciye sunulan görüngülerden anlar aklınıza getirin şimdi,___ siyasi bir gösterinin içinden ya da kaos anlarını yansıtmak amacıyla seyirciye sunulan görüngülerden anlar aklınıza getirin şimdi,['film'],"['lr', 'lar', 'da', 'd', 'de', 't', 'ta', 'ki', 'ler', 'te']",['Filmlerdeki'],"[['film', 'lAr', 'DA', 'ki']]"
bilkent-turkish-writings-4292,"Amin Maalouf, Ölümcül Kimlikler adlı eserinde bu iki kavramın ne denli kişi üzerinde etkili olduğunu ve ayrılmaz bir bütün olarak kişiyi temsil ettiğini belirttikten sonra, insanların eylemlerinde bulunurken nereden hareket ettiği sorusuna da yanıt arıyor","Amin Maalouf, Ölümcül Kimlikler adlı eserinde bu iki kavramın ne denli kişi üzerinde etkili ___ ve ayrılmaz bir bütün olarak kişiyi temsil ettiğini belirttikten sonra, insanların eylemlerinde bulunurken nereden hareket ettiği sorusuna da yanıt arıyor",['ol'],"['u', 'ni', 'dik', 'dük', 'i', 'sı', 'nı', 'ü', 's', 'ü', 'tk', 'dk', 'tuk', 'u', 'ı', 'n', 'duk', 'su', 'dık', '', 'sü', '', 'nü', 'tik', 'tük', 'i', 'tık', 'nu', 'ı', 'si']",['olduğunu'],"[['ol', 'DHk', 'SH', 'NH']]"
bilkent-turkish-writings-1838,Her bir köşesi fesleğen kokan sokaklar,Her bir ___ fesleğen kokan sokaklar,['köşe'],"['s', 'su', 'sı', 'sü', 'ü', 'u', 'ı', 'si', '', 'i']",['köşesi'],"[['köşe', 'SH']]"
bilkent-turkish-writings-4747,Bir başka perspektiften bakıcak olursak Camus bu başyapıtıyla yaşamak için bir sebep bulamıyorsan en onurlu ölüm kendi ölümünü seçebilmektir fikrini aşılamıştır okurlarına,Bir başka perspektiften bakıcak olursak Camus bu başyapıtıyla yaşamak için bir sebep ___ en onurlu ölüm kendi ölümünü seçebilmektir fikrini aşılamıştır okurlarına,['bula'],"['yor', 's', 'iyor', 'yse', 'sa', 'n', 'uyor', 'ys', 'ysa', 'm', 'se', 'ıyor', 'üyor', 'me', 'ma']",['bulamıyorsan'],"[['bula', 'mA', 'Hyor', 'YsA', 'n']]"
bilkent-turkish-writings-1318,"Aşk gerçekten, sevip de kavuşamamak mıdır","Aşk gerçekten, sevip de ___ mıdır",['kavuş'],"['ma', 'ye', 'y', '', 'm', 'a', 'mak', 'ya', 'mk', 'e', 'me', 'mek']",['kavuşamamak'],"[['kavuş', 'YA', 'mA', 'mAk']]"
bilkent-turkish-writings-1001,Gerekir dedim çünkü gerçekten bunu anladığımızı düşünmüyorum,Gerekir dedim çünkü gerçekten bunu ___ düşünmüyorum,['anla'],"['tuk', 'tik', 'ümız', 'dk', 'n', 'nü', 'dık', 'tk', 'ımiz', 'ımız', 'nu', 'imz', 'umız', 'imız', 'duk', 'u', 'dük', 'umiz', 'ı', 'umuz', 'umz', 'ni', 'mz', 'imüz', 'miz', 'i', 'muz', 'ımuz', 'ümüz', 'müz', 'ü', 'umüz', 'ümz', 'nı', 'tık', '', 'dik', 'imiz', 'mız', 'imuz', 'ümuz', 'ımz', 'ümiz', 'ımüz', 'tük']",['anladığımızı'],"[['anla', 'DHk', 'HmHz', 'NH']]"
bilkent-turkish-writings-6142,Bir milyon tane arkadaşınız olsa bile bu bir gerçektir,Bir milyon tane ___ olsa bile bu bir gerçektir,['arkadaş'],"['in', 'nın', 'z', 'ün', 'yz', 'yız', 'üz', 'iz', 'n', 'nun', 'nin', 'ın', 'yiz', 'nn', 'un', 'yuz', 'ız', 'yüz', 'uz', 'nün']",['arkadaşınız'],"[['arkadaş', 'NHn', 'YHz']]"
bilkent-turkish-writings-210,Yenileyelim ki gelecek güzel günleri fark edecek bilincimiz olsun,___ ki gelecek güzel günleri fark edecek bilincimiz olsun,['yeni'],"['lim', 'ya', 'e', 'la', 'l', 'a', 'lüm', 'lm', '', 'lım', 'lum', 'y', 'le', 'ye']",['Yenileyelim'],"[['yeni', 'lA', 'YA', 'lHm']]"
bilkent-turkish-writings-5935,Çünkü korku insanın kendini en aciz hissedeceği duygudur,Çünkü korku insanın ___ en aciz hissedeceği duygudur,['kendi'],"['nü', 'u', 'nu', 'n', 'i', 'ü', 'ni', 'ün', '', 'ı', 'ın', 'nı', 'in', 'un', 'n']",['kendini'],"[['kendi', 'Hn', 'NH']]"
bilkent-turkish-writings-2330,ve daha bir çoğu… Belki de sorularımın hepsine cevap veremedi ama yazısı açıkça bu soruların bir kısmının cevaplarını adeta haykırıyordu..,ve daha bir çoğu… Belki de ___ hepsine cevap veremedi ama yazısı açıkça bu soruların bir kısmının cevaplarını adeta haykırıyordu..,['soru'],"['n', 'ım', 'nün', 'lar', 'nun', 'nn', 'm', 'ler', 'ın', 'lr', 'nın', 'üm', 'im', 'nin', 'ün', 'in', 'un', 'um']",['sorularımın'],"[['soru', 'lAr', 'Hm', 'NHn']]"
bilkent-turkish-writings-2430,Kafamda yanan o ışığı tam anlamıyla söndürmem için de zaman gerekir aynı alternatif akım verilen bir lambanın o akım kesildiğinde hemen sönmemesi gibi,Kafamda yanan o ışığı tam anlamıyla söndürmem için de zaman gerekir aynı alternatif akım verilen bir lambanın o akım ___ hemen sönmemesi gibi,['kes'],"['su', 'nta', 'ıl', 'dük', 'te', 'u', 'nt', 'dık', 'ül', 'sü', 'nte', 'nd', 'de', 'l', 'dik', 'duk', 'ul', 'il', 'tuk', 'da', 'si', 'nda', 'tik', 't', 'tık', 'tük', 's', 'ı', 'dk', 'tk', 'd', 'nde', 'i', 'ta', '', 'sı', 'ü']",['kesildiğinde'],"[['kes', 'Hl', 'DHk', 'SH', 'NDA']]"
bilkent-turkish-writings-6610,Hatta sadece aklıma değil bundan da önemlisi kalbime kazındı,Hatta sadece ___ değil bundan da önemlisi kalbime kazındı,['akıl'],"['ye', 'ya', 'üm', 'm', 'yim', 'ym', 'a', 'um', 'yüm', 'y', 'ım', 'im', 'yum', 'yım', 'e', '']",['aklıma'],"[['akıl', 'YHm', 'YA']]"
bilkent-turkish-writings-5741,Bununla birlikte bunu gerçekleştirmeye çalışırken sekteye uğrayabilir insan,Bununla birlikte bunu ___ çalışırken sekteye uğrayabilir insan,['gerçek'],"['dir', 'y', 'ma', 'tr', 'dır', 'a', 'laş', '', 'tir', 'ye', 'ya', 'tur', 'dur', 'dr', 'lş', 'tır', 'me', 'leş', 'dür', 'tür', 'm', 'e']",['gerçekleştirmeye'],"[['gerçek', 'lAş', 'DHr', 'mA', 'YA']]"
bilkent-turkish-writings-341,"Kapkaranlık, belirsiz… Attığınız her adımda, yürüyerek arkanızda bıraktığınız mesafeyi aydınlatan bir ışık var","Kapkaranlık, belirsiz… Attığınız her adımda, yürüyerek arkanızda bıraktığınız mesafeyi ___ bir ışık var",['aydın'],"['l', 'y', 'le', 't', 'ya', 'ye', 'a', 'n', '', 'la', 'e']",['aydınlatan'],"[['aydın', 'lA', 't', 'YA', 'n']]"
bilkent-turkish-writings-6120,Hayal gücümüzü mutlak seviyede kullanabilmemiz için mantık ilkelerinden sıyrılmamız lazım,Hayal gücümüzü mutlak seviyede ___ için mantık ilkelerinden sıyrılmamız lazım,['kullan'],"['yebil', 'mz', 'imiz', 'imız', 'muz', 'ımiz', 'miz', 'ımz', 'imüz', 'ebil', 'ümz', 'umz', 'me', 'abil', 'bil', 'ımuz', 'ımız', 'imz', 'mız', 'm', 'yabil', 'ımüz', 'ybil', 'imuz', 'ümüz', 'ümuz', 'umız', 'umiz', 'müz', 'umüz', 'ma', 'umuz', 'ümiz', 'ümız']",['kullanabilmemiz'],"[['kullan', 'YAbil', 'mA', 'HmHz']]"
bilkent-turkish-writings-608,"Öte yandan, tanıdığım İtalyanların çoğu kişilik olarak kaba insanlardı","Öte yandan, tanıdığım ___ çoğu kişilik olarak kaba insanlardı",['İtalyan'],"['ın', 'nın', 'nn', 'n', 'nun', 'nün', 'lr', 'ler', 'lar', 'in', 'un', 'ün', 'nin']",['İtalyanların'],"[['İtalyan', 'lAr', 'NHn']]"
bilkent-turkish-writings-5624,Yaşamın devam etmesi için neye ihtiyacımız var diye insanlara sorulsa yüzde doksanı oksijen veya su derler,Yaşamın devam ___ için neye ihtiyacımız var diye insanlara sorulsa yüzde doksanı oksijen veya su derler,['et'],"['ma', 's', 'si', 'sı', 'm', 'me', 'su', 'sü']",['etmesi'],"[['et', 'mA', 'sH']]"
bilkent-turkish-writings-5874,"Canlılarla direkt olarak iletişim kurmak ve onların enerjisini, sevgisini yakından hissetmek o kadar güzel ki","___ direkt olarak iletişim kurmak ve onların enerjisini, sevgisini yakından hissetmek o kadar güzel ki",['can'],"['l', 'la', 'ler', 'l', 'li', 'lr', 'yla', 'lı', 'le', 'lü', 'lu', 'lar', 'yle', 'yl']",['Canlılarla'],"[['can', 'lH', 'lAr', 'YlA']]"
bilkent-turkish-writings-3276,"“Evet, hatalarım oldu,” der o gözler","“Evet, ___ oldu,” der o gözler",['hata'],"['ym', 'yum', 'um', 'yüm', 'im', 'm', 'ım', 'lar', 'yim', 'ler', 'yım', 'lr', 'üm']",['hatalarım'],"[['hata', 'lAr', 'YHm']]"
bilkent-turkish-writings-2622,"Bu karşılaşmamız, birbirimize açıldıktan sonraki ilk yüzleşmemizdi","Bu karşılaşmamız, birbirimize açıldıktan sonraki ilk ___",['yüzleş'],"['m', 'tü', 'ytu', 'ım', 'ydi', 'ma', 'um', 'yz', 'ti', 'dı', 'm', 'yd', 'dü', 'ydü', 'tu', 'ydu', 'di', 'üm', 'du', 'üz', 't', 'tı', 'im', 'ytı', 'yt', 'ytü', 'ız', 'z', 'yız', 'yiz', 'iz', 'me', 'yuz', 'uz', 'yti', 'd', 'yüz', 'ydı']",['yüzleşmemizdi'],"[['yüzleş', 'mA', 'Hm', 'YHz', 'YDH']]"
bilkent-turkish-writings-6117,"Bana bağıran kiĢiyi ise; dünyanın en uç noktasından gelen, insanlık kavramını yıkarak, farklı bir varlık oluĢturmaya çalıĢan canavar olarak görüyorum","Bana bağıran kiĢiyi ise; dünyanın en uç ___ gelen, insanlık kavramını yıkarak, farklı bir varlık oluĢturmaya çalıĢan canavar olarak görüyorum",['nokta'],"['tn', 'ndan', 's', 'tan', 'nden', 'i', 'dn', 'nten', 'dan', 'ntan', 'den', 'sı', 'ten', 'su', 'sü', '', 'ü', 'si', 'ı', 'ndn', 'u', 'ntn']",['noktasından'],"[['nokta', 'SH', 'NDAn']]"
bilkent-turkish-writings-6050,"Gerçek olamayacak değin ağırdır.” (Günay Güner) Bir öyküsünde , hikayenin anlatıcısı ile hikaye kahramanı İso Köy Enstitüsüne beraber başlamış iki arkadaşlardır.İso karakteri öykü anlatıcısından daha kuvvetli ve iri biri ancak görüntüsünün tersine saf ,temiz kalpli biri.Sınıfta zamanla arkadaşlarınında kışkırtması ile bu iki karakter başka bir yerde kavga etmek için sözleşirler.İkisi de gider oraya ve karşılıklı sözlü atışmaya başlarlar , ikisi de yanlış yolda olduklarının farkındadır.İşler daha fazla ilerlemeden oradan bir daha kavga etmeme ve her zaman birbirlerine destek olma sözü verip , oradan ayrılmışlardır.Adnan Binyazar’ın kendi hayatından bir şeyler kattığı ve öyküyü kendi hayatımla bağdaştırdığım için favori öyküm bu oldu.Ben çok inatçı bir insanımdır, bir kere yapmam dediğim bir şeyi çok istesem de inadımdan , gururumdan yapmam","Gerçek olamayacak değin ağırdır.” (Günay Güner) Bir öyküsünde , hikayenin anlatıcısı ile hikaye kahramanı İso Köy Enstitüsüne beraber başlamış iki arkadaşlardır.İso karakteri öykü anlatıcısından daha kuvvetli ve iri biri ancak görüntüsünün tersine saf ,temiz kalpli biri.Sınıfta zamanla arkadaşlarınında kışkırtması ile bu iki karakter başka bir yerde kavga etmek için sözleşirler.İkisi de gider oraya ve karşılıklı sözlü atışmaya başlarlar , ikisi de yanlış yolda ___ farkındadır.İşler daha fazla ilerlemeden oradan bir daha kavga etmeme ve her zaman birbirlerine destek olma sözü verip , oradan ayrılmışlardır.Adnan Binyazar’ın kendi hayatından bir şeyler kattığı ve öyküyü kendi hayatımla bağdaştırdığım için favori öyküm bu oldu.Ben çok inatçı bir insanımdır, bir kere yapmam dediğim bir şeyi çok istesem de inadımdan , gururumdan yapmam",['ol'],"['un', 'duk', 's', 'sü', 'tük', 'dk', 'tik', 'tık', 'dük', 'nın', 'i', 'nun', 'ler', 'n', 'ün', 'u', '', 'nn', 'tuk', 'dik', 'sı', 'su', 'in', 'ı', 'nin', 'lr', 'si', 'tk', 'lar', 'ü', 'ın', 'nün', 'dık']",['olduklarının'],"[['ol', 'DHk', 'lAr', 'SH', 'NHn']]"
bilkent-turkish-writings-1004,"Stephen Chbosky’nin aynı adlı kitabından uyarlanan Saksı Olmanın Faydaları, uyarlamaları ölürcesine eleştiren bendenizin elini kolunu bağladı","Stephen Chbosky’nin aynı adlı kitabından ___ Saksı Olmanın Faydaları, uyarlamaları ölürcesine eleştiren bendenizin elini kolunu bağladı",['uyarla'],"['ya', 'n', 'a', 'in', 'ün', 'ın', 'y', 'ye', 'e', 'n', 'un', '']",['uyarlanan'],"[['uyarla', 'Hn', 'YA', 'n']]"
bilkent-turkish-writings-1103,Şöyle bir düşünelim yirmi üç sene çok büyük bir aralık ve birçok şeyin değişmesine neden olabilecek bir süre,Şöyle bir düşünelim yirmi üç sene çok büyük bir aralık ve birçok şeyin ___ neden olabilecek bir süre,['değiş'],"['ya', 's', 'e', 'in', 'ın', '', 'sı', 'un', 'n', 'ma', 'ye', 'me', 'sü', 'a', 'm', 'ün', 'su', 'si', 'y']",['değişmesine'],"[['değiş', 'mA', 'sH', 'Hn', 'YA']]"
bilkent-turkish-writings-5877,"Tüm bu kararları kendimiz vermiş olsaydık; değiştirmek ister miydik ya da bu hakkın sadece bizde olduğu kuklacılık oynamak isteyen insanlar tarafından anlaşıldığı için daha mutlu olmaz mıydık, yapmak istemediğimiz şeyler için kendimizi bu kadar zorlar mıydık","Tüm bu kararları kendimiz vermiş olsaydık; değiştirmek ister miydik ya da bu hakkın sadece bizde olduğu kuklacılık oynamak isteyen insanlar tarafından ___ için daha mutlu olmaz mıydık, yapmak istemediğimiz şeyler için kendimizi bu kadar zorlar mıydık",['anla'],"['ış', '', 'üş', 'ü', 'ı', 'tük', 'tik', 'iş', 'tuk', 'dük', 'yi', 'ül', 'dk', 'dık', 'l', 'uş', 'tk', 'yı', 'duk', 'ul', 'il', 'tık', 'i', 'yu', 'dik', 'u', 'ş', 'yü', 'y', 'ıl']",['anlaşıldığı'],"[['anla', 'Hş', 'Hl', 'DHk', 'YH']]"
bilkent-turkish-writings-5563,Aslında tüm sorunun sahip olma duygusundan kaynaklandığını varsayabilirdik,Aslında tüm sorunun sahip olma duygusundan ___ varsayabilirdik,['kaynak'],"['lan', 'ü', 'duk', 'nı', 'n', 'nu', '', 'si', 'len', 'tk', 'dık', 'i', 'ı', 'ln', 'tük', 'u', 'dik', 'tık', 'nü', 'dük', 'tuk', 'tik', 'sü', 'su', 'ni', 'sı', 'dk', 'ı', 'ü', 'i', '', 'u', 's']",['kaynaklandığını'],"[['kaynak', 'lAn', 'DHk', 'SH', 'NH']]"
bilkent-turkish-writings-308,"Yaptığımız iyi eylemlerin karşılığını bulamaması mı asıl sorun, yoksa zaten karşılığını hiçbir şekilde alamayacağına inandığı için iyilik etmeye tenezzülde bulunmaması mı","Yaptığımız iyi eylemlerin karşılığını bulamaması mı asıl sorun, yoksa zaten karşılığını hiçbir şekilde ___ inandığı için iyilik etmeye tenezzülde bulunmaması mı",['al'],"['yecak', 'ya', 'e', 'ycak', 'na', 'ck', 'yacak', 'acak', 'm', 'yecek', 'yck', 'sı', 'si', 'u', 'yack', 'sü', 'cak', 'i', 'n', 'ne', '', 'yacek', 'yeck', 'e', 'ı', '', 'me', 'acek', 'ycek', 'y', 's', 'a', 'ecek', 'ecak', 'su', 'ye', '', 'ma', 'ü', 'a', 'ack', 'eck', 'cek']",['alamayacağına'],"[['al', 'YA', 'mA', 'YAcAk', 'SH', 'NA']]"
bilkent-turkish-writings-2867,Bir anının yorumlanması insanlara bilgi sağlar ve bu bilgi ile rahatça çözüm yolları bulunabilir,Bir anının ___ insanlara bilgi sağlar ve bu bilgi ile rahatça çözüm yolları bulunabilir,['yorum'],"['m', 'sı', 'sü', 'me', 'len', 'lan', 'ln', 'si', 's', 'ma', 'su']",['yorumlanması'],"[['yorum', 'lAn', 'mA', 'sH']]"
bilkent-turkish-writings-2726,Birbirlerini delicesine seven iki insanı ne engelleyebilir ki,Birbirlerini delicesine seven iki insanı ne ___ ki,['engel'],"['ir', 'abil', 'bil', 'ybil', 'ur', 'yabil', 'le', 'r', 'yebil', 'la', 'l', 'ebil', 'ır', 'ür']",['engelleyebilir'],"[['engel', 'lA', 'YAbil', 'Hr']]"
bilkent-turkish-writings-364,"Bu bazıları için fikirleri bazıları için de ürettikleridir fakat her iki durumda da verilen emek, dökülen ter aynı derecede önemlidir","Bu bazıları için fikirleri bazıları için de ___ fakat her iki durumda da verilen emek, dökülen ter aynı derecede önemlidir",['üre'],"['duk', 'dür', 'y', 'yü', 'yi', 'tk', 'tik', 'dük', 'ü', 'yu', 'tr', 'tür', 'lar', 'dik', 'dık', 'tir', 'tuk', 'ı', 'tık', 'dır', 'dk', 't', 'tır', 'dur', 'i', 'dr', 'tük', 'tur', 'yı', 'lr', '', 'u', 'dir', 'ler']",['ürettikleridir'],"[['üre', 't', 'DHk', 'lAr', 'YH', 'DHr']]"
bilkent-turkish-writings-2219,"Belki hepsi, belki de hiçbiriydi o","Belki hepsi, belki de ___ o",['hiçbir'],"['ydu', '', 'i', 'yi', 'ytı', 'ydı', 'y', 't', 'tü', 'tı', 'yt', 'di', 'ü', 'd', 'yü', 'yu', 'dı', 'ydi', 'dü', 'ytü', 'tu', 'du', 'ti', 'ı', 'yı', 'yti', 'ydü', 'yd', 'u', 'ytu']",['hiçbiriydi'],"[['hiçbir', 'YH', 'YDH']]"
bilkent-turkish-writings-3773,"Peki, yedi yıl önce bunları düşünen kişiye ne oldu","Peki, yedi yıl önce bunları ___ kişiye ne oldu",['düşün'],"['y', 'n', '', 'a', 'ye', 'ya', 'e']",['düşünen'],"[['düşün', 'YA', 'n']]"
bilkent-turkish-writings-4523,Bir semtin karakter sahibi olması için yaşanmışlık izlerinin muhafaza ediliyor olması gerekir ilk başta,Bir semtin karakter sahibi olması için ___ izlerinin muhafaza ediliyor olması gerekir ilk başta,['yaşa'],"['muş', 'ın', 'luk', 'lük', 'lk', 'lık', 'miş', 'lik', 'mş', 'müş', 'in', 'mış', 'un', 'ün', 'n']",['yaşanmışlık'],"[['yaşa', 'Hn', 'mHş', 'lHk']]"
bilkent-turkish-writings-5188,Sadece bir insan olmaktan daha ileri gidebiliyorlar mı; kendileri olmayı başarabiliyorlar mı,Sadece bir insan olmaktan daha ileri ___ mı; kendileri olmayı başarabiliyorlar mı,['git'],"['bil', 'ler', 'yebil', 'uyor', 'yor', 'üyor', 'ıyor', 'lar', 'abil', 'ebil', 'ybil', 'yabil', 'lr', 'iyor']",['gidebiliyorlar'],"[['git', 'YAbil', 'Hyor', 'lAr']]"
bilkent-turkish-writings-4464,"Ama bu işin güzelliği, bu işi yapabilmemiz için gerekli olan yeteneği yine bu işten alabilmemiz","Ama bu işin güzelliği, bu işi ___ için gerekli olan yeteneği yine bu işten alabilmemiz",['yap'],"['mız', 'yebil', 'müz', 'ımüz', 'umüz', 'me', 'miz', 'umuz', 'ebil', 'imüz', 'ümuz', 'ümız', 'ımz', 'm', 'muz', 'ümz', 'ümüz', 'yabil', 'ımuz', 'bil', 'imız', 'umız', 'ımiz', 'abil', 'ımız', 'imz', 'ümiz', 'ma', 'mz', 'ybil', 'imiz', 'imuz', 'umiz', 'umz']",['yapabilmemiz'],"[['yap', 'YAbil', 'mA', 'HmHz']]"
bilkent-turkish-writings-998,Kitap bittiğinde aklımda yer edinen kavram heykelciklerinin yerlerinin biraz değişmiş olduğunu fark ettim,Kitap bittiğinde aklımda yer edinen kavram ___ yerlerinin biraz değişmiş olduğunu fark ettim,['heykel'],"['sü', 'cuk', 'ü', 'ck', 'çik', 'ün', 'un', 'su', 'cık', 'çk', 'lr', 'çük', 'cük', 'çık', 'çuk', 'nun', 'ın', 'cik', 'nin', 'nün', 'i', 'si', 'ler', 'n', 'lar', 'nn', 's', 'u', 'sı', 'nın', 'ı', '', 'in']",['heykelciklerinin'],"[['heykel', 'CHk', 'lAr', 'SH', 'NHn']]"
bilkent-turkish-writings-4586,"Sosyal hayat, hatta John Ericsson örneğinde olduğu üzere bir evlilik, biraz daha başarılı olmak uğruna feda edilenlerin ilk sıralarında (James, 99)","Sosyal hayat, hatta John Ericsson örneğinde olduğu üzere bir evlilik, biraz daha başarılı olmak uğruna feda ___ ilk sıralarında (James, 99)",['et'],"['en', 'nın', 'in', 'yan', 'n', 'ul', 'nün', 'lar', 'lr', 'ın', 'l', 'n', 'yen', 'il', 'ül', 'nun', 'ler', 'nin', 'un', 'ün', 'an', 'yn', 'ıl', 'nn']",['edilenlerin'],"[['et', 'Hl', 'YAn', 'lAr', 'NHn']]"
bilkent-turkish-writings-6811,"Toplumsal yapılar ve bu yapıların çözünmesi, halkın tabakalaşması ve aslında değişimin hayallerdeki kadar kolay olmayışı romanı okuduktan sonra bende uyanan düşüncelerden bazıları","Toplumsal yapılar ve bu yapıların çözünmesi, halkın ___ ve aslında değişimin hayallerdeki kadar kolay olmayışı romanı okuduktan sonra bende uyanan düşüncelerden bazıları",['tabaka'],"['sı', 'sü', 'ma', 'su', 'me', 's', 'm', 'laş', 'lş', 'leş', 'si']",['tabakalaşması'],"[['tabaka', 'lAş', 'mA', 'sH']]"
bilkent-turkish-writings-6135,İlerleyen teknoloji ve çoklu üretim sonucunda her şeye hızlı ve kolay bir şekilde ulaşabiliyoruz,İlerleyen teknoloji ve çoklu üretim sonucunda her şeye hızlı ve kolay bir şekilde ___,['ulaş'],"['ebil', 'iz', 'yız', 'yz', 'yor', 'bil', 'uyor', 'ız', 'z', 'üz', 'yuz', 'yiz', 'abil', 'yebil', 'ıyor', 'ybil', 'üyor', 'yüz', 'uz', 'iyor', 'yabil']",['ulaşabiliyoruz'],"[['ulaş', 'YAbil', 'Hyor', 'YHz']]"
bilkent-turkish-writings-1547,"Bir buluşmaya gittiğimizde, orada olmasını umduğumuz kişinin yokluğunu o kadar sorgularız ki, sanki dünyadaki açlık sorunu o kişi o gün ortama gelseydi son bulacakmış gibi bir havaya gireriz","Bir buluşmaya gittiğimizde, orada ___ umduğumuz kişinin yokluğunu o kadar sorgularız ki, sanki dünyadaki açlık sorunu o kişi o gün ortama gelseydi son bulacakmış gibi bir havaya gireriz",['ol'],"['i', 'm', 'su', 'nu', 'n', 'ın', 'in', 'me', 'nü', 'n', 'u', 'nı', 'si', 'ı', 'un', 'ü', 'ün', 'ma', 'ni', 'sü', 'sı', '', 's']",['olmasını'],"[['ol', 'mA', 'sH', 'Hn', 'NH']]"
bilkent-turkish-writings-1016,"BayanMing’in hikâyesinde de Çin’in ‘tek çocuk’ yasası ile Çin halkı üzerinde yaratmış olduğu o baskıcıve kısıtlayıcı toplumsal kurallarının olumsuz etkisini görmekteyiz.Aslında, “Bayan Ming’in Hiç Olmayan On Çocuğu” adlı eser, hayattan ne beklediğinibilmeyen, hiçbir şey ile mutlu olmayan, sahip olduğu şeylerin öneminin farkında olmayan kişilerinokuması gereken bir eser","BayanMing’in hikâyesinde de Çin’in ‘tek çocuk’ yasası ile Çin halkı üzerinde yaratmış olduğu o baskıcıve kısıtlayıcı toplumsal ___ olumsuz etkisini görmekteyiz.Aslında, “Bayan Ming’in Hiç Olmayan On Çocuğu” adlı eser, hayattan ne beklediğinibilmeyen, hiçbir şey ile mutlu olmayan, sahip olduğu şeylerin öneminin farkında olmayan kişilerinokuması gereken bir eser",['kural'],"['sü', 'ün', 'n', 's', 'in', 'u', 'ler', 'lr', 'su', 'si', 'un', 'lar', 'i', '', 'sı', 'nın', 'nin', 'nun', 'ü', 'nün', 'nn', 'ı', 'ın']",['kurallarının'],"[['kural', 'lAr', 'SH', 'NHn']]"
